page,query,type,title,year,slug,id,img,highlighted_title,relevance_score,release_year,download_timeout,download_slot,download_latency,depth
/Movies/Soundtrack/[movie_id]/[slug],"{'movie_id': '828', 'slug': 'Harry-Potter-and-the-Deathly-Hallows-Part-1'}",movie,Harry Potter and the Deathly Hallows: Part 1,2010,Harry-Potter-and-the-Deathly-Hallows-Part-1,828,/iGoXIpQb7Pot00EEdwpwPajheZ5.jpg,<em>Harry</em> <em>Potter</em> <em>and</em> <em>the</em> <em>Deathly</em> <em>Hallows</em>: <em>Part</em> <em>1</em>,36.507637,2010,180,v4-api-prod.what-song.com,3.025678157806396,1
/Movies/Soundtrack/[movie_id]/[slug],"{'movie_id': '968', 'slug': 'Alice-in-Wonderland'}",movie,Alice in Wonderland,2010,Alice-in-Wonderland,968,/o0kre9wRCZz3jjSjaru7QU0UtFz.jpg,<em>Alice</em> <em>in</em> <em>Wonderland</em>,25.740578,2010,180,v4-api-prod.what-song.com,3.156554937362671,1
/Movies/Soundtrack/[movie_id]/[slug],"{'movie_id': '634', 'slug': 'Toy-Story-3'}",movie,Toy Story 3,2010,Toy-Story-3,634,/4cpGytCB0eqvRks4FAlJoUJiFPG.jpg,<em>Toy</em> <em>Story</em> <em>3</em>,20.245377,2010,180,v4-api-prod.what-song.com,3.233738899230957,1
/Movies/Soundtrack/[movie_id]/[slug],"{'movie_id': '726', 'slug': 'Despicable-Me'}",movie,Despicable Me,2010,Despicable-Me,726,/wqtH95Ri9Au2euC4p86lLoFCJQk.jpg,<em>Despicable</em> <em>Me</em>,20.639896,2010,180,v4-api-prod.what-song.com,3.442559003829956,1
/Movies/Soundtrack/[movie_id]/[slug],"{'movie_id': '740', 'slug': 'Tangled'}",movie,Tangled,2010,Tangled,740,/ym7Kst6a4uodryxqbGOxmewF235.jpg,<em>Tangled</em>,15.578336,2010,180,v4-api-prod.what-song.com,4.046635866165161,1
/Movies/Soundtrack/[movie_id]/[slug],"{'movie_id': '781', 'slug': 'The-Kings-Speech'}",movie,The King's Speech,2010,The-Kings-Speech,781,/uQ538BfYLDJh3GXlzRZLo0j7PFj.jpg,<em>The</em> <em>King's</em> <em>Speech</em>,20.610966,2010,180,v4-api-prod.what-song.com,3.818340301513672,1
/Movies/Soundtrack/[movie_id]/[slug],"{'movie_id': '551', 'slug': 'Iron-Man-2'}",movie,Iron Man 2,2010,Iron-Man-2,551,/6WBeq4fCfn7AN0o21W9qNcRF2l9.jpg,<em>Iron</em> <em>Man</em> <em>2</em>,21.485535,2010,180,v4-api-prod.what-song.com,4.098090171813965,1
/Movies/Soundtrack/[movie_id]/[slug],"{'movie_id': '624', 'slug': 'The-Twilight-Saga-Eclipse'}",movie,The Twilight Saga: Eclipse,2010,The-Twilight-Saga-Eclipse,624,/4IIFFKd9vxrlicNbAPS8ONEgIFp.jpg,<em>The</em> <em>Twilight</em> <em>Saga</em>: <em>Eclipse</em>,30.657135,2010,180,v4-api-prod.what-song.com,4.173935890197754,1
/Movies/Soundtrack/[movie_id]/[slug],"{'movie_id': '737', 'slug': 'Black-Swan'}",movie,Black Swan,2010,Black-Swan,737,/8XYghKF0xkxp5A7QtK2F5vffdpZ.jpg,<em>Black</em> <em>Swan</em>,21.393948,2010,180,v4-api-prod.what-song.com,4.527682065963745,1
/Movies/Soundtrack/[movie_id]/[slug],"{'movie_id': '107560', 'slug': 'The-Karate-Kid'}",movie,The Karate Kid,2010,The-Karate-Kid,107560,/qV8xTWfknTOSErSa0b9Iay2QztS.jpg,<em>The</em> <em>Karate</em> <em>Kid</em>,20.72253,2010,180,v4-api-prod.what-song.com,4.532254934310913,1
/Movies/Soundtrack/[movie_id]/[slug],"{'movie_id': '104243', 'slug': 'Clash-of-the-Titans'}",movie,Clash of the Titans,2010,Clash-of-the-Titans,104243,/3W6QaC3Vz8UJhr6HRYuGfbNeJCs.jpg,<em>Clash</em> <em>of</em> <em>the</em> <em>Titans</em>,23.584635,2010,180,v4-api-prod.what-song.com,4.259057998657227,1
/Movies/Soundtrack/[movie_id]/[slug],"{'movie_id': '904', 'slug': 'Little-Fockers'}",movie,Little Fockers,2010,Little-Fockers,904,/90mwPRNMmX9RUGVgKMJMJNQnYX8.jpg,<em>Little</em> <em>Fockers</em>,22.057964,2010,180,v4-api-prod.what-song.com,3.371912956237793,1
/Movies/Soundtrack/[movie_id]/[slug],"{'movie_id': '704', 'slug': 'Inception'}",movie,Inception,2010,Inception,704,/9gk7adHYeDvHkCSEqAvQNLV5Uge.jpg,<em>Inception</em>,16.26641,2010,180,v4-api-prod.what-song.com,4.142667055130005,1
/Movies/Soundtrack/[movie_id]/[slug],"{'movie_id': '608', 'slug': 'Shrek-Forever-After'}",movie,Shrek Forever After,2010,Shrek-Forever-After,608,/6HrfPZtKcGmX2tUWW3cnciZTaSD.jpg,<em>Shrek</em> <em>Forever</em> <em>After</em>,28.438143,2010,180,v4-api-prod.what-song.com,4.457119941711426,1
/Movies/Soundtrack/[movie_id]/[slug],"{'movie_id': '734', 'slug': 'Tron-Legacy'}",movie,TRON: Legacy,2010,Tron-Legacy,734,/vuifSABRpSnxCAOxEnWpNbZSXpp.jpg,<em>Tron</em>: <em>Legacy</em>,23.070986,2010,180,v4-api-prod.what-song.com,5.037072896957397,1
/Movies/Soundtrack/[movie_id]/[slug],"{'movie_id': '739', 'slug': 'Sex-and-the-City-2'}",movie,Sex and the City 2,2010,Sex-and-the-City-2,739,/VF29fCNyGyZIACutBINKaNfDvB.jpg,<em>Sex</em> <em>and</em> <em>the</em> <em>City</em> <em>2</em>,22.93073,2010,180,v4-api-prod.what-song.com,4.082100868225098,1
/Movies/Soundtrack/[movie_id]/[slug],"{'movie_id': '107164', 'slug': 'The-Last-Airbender'}",movie,The Last Airbender,2010,The-Last-Airbender,107164,/zgwRTYWEEPivTwjB9S03HtmMcbM.jpg,<em>The</em> <em>Last</em> <em>Airbender</em>,21.175392,2010,180,v4-api-prod.what-song.com,2.7227530479431152,1
/Movies/Soundtrack/[movie_id]/[slug],"{'movie_id': '696', 'slug': 'Resident-Evil-Afterlife'}",movie,Resident Evil: Afterlife,2010,Resident-Evil-Afterlife,696,/xaEHOuIkoTzHQIiex0Ys306Ky05.jpg,<em>Resident</em> <em>Evil</em>: <em>Afterlife</em>,29.925968,2010,180,v4-api-prod.what-song.com,3.163934230804443,1
/Movies/Soundtrack/[movie_id]/[slug],"{'movie_id': '104235', 'slug': 'Salt'}",movie,Salt,2010,Salt,104235,/ppXyhOe8UCEOrBRSYqE3SkHwrcR.jpg,<em>Salt</em>,15.578336,2010,180,v4-api-prod.what-song.com,3.203132152557373,1
/Movies/Soundtrack/[movie_id]/[slug],"{'movie_id': '1494', 'slug': 'Shutter-Island'}",movie,Shutter Island,2010,Shutter-Island,1494,/kve20tXwUZpu4GUX8l6X7Z4jmL6.jpg,<em>Shutter</em> <em>Island</em>,22.018528,2010,180,v4-api-prod.what-song.com,3.857994079589843,1
/Movies/Soundtrack/[movie_id]/[slug],"{'movie_id': '707', 'slug': 'How-To-Train-Your-Dragon'}",movie,How to Train Your Dragon,2010,How-To-Train-Your-Dragon,707,/ygGmAO60t8GyqUo9xYeYxSZAR3b.jpg,<em>How</em> <em>To</em> <em>Train</em> <em>Your</em> <em>Dragon</em>,30.416386,2010,180,v4-api-prod.what-song.com,3.6769838333129883,1
/Movies/Soundtrack/[movie_id]/[slug],"{'movie_id': '730', 'slug': 'Megamind'}",movie,Megamind,2010,Megamind,730,/uZ9ytt3sPTx62XTfN56ILSuYWRe.jpg,<em>Megamind</em>,17.311031,2010,180,v4-api-prod.what-song.com,3.705435752868652,1
/Movies/Soundtrack/[movie_id]/[slug],"{'movie_id': '664', 'slug': 'The-Expendables'}",movie,The Expendables,2010,The-Expendables,664,/tDynwDj3pvexrEQ8wb0uy8EdcGQ.jpg,<em>The</em> <em>Expendables</em>,15.796639,2010,180,v4-api-prod.what-song.com,3.193658113479614,1
/Movies/Soundtrack/[movie_id]/[slug],"{'movie_id': '630', 'slug': 'Grown-Ups'}",movie,Grown Ups,2010,Grown-Ups,630,/cQGM5k1NtU85n4TUlrOrwijSCcm.jpg,<em>Grown</em> <em>Ups</em>,22.270042,2010,180,v4-api-prod.what-song.com,4.137396097183227,1
/Movies/Soundtrack/[movie_id]/[slug],"{'movie_id': '787', 'slug': 'True-Grit'}",movie,True Grit,2010,True-Grit,787,/rxeRwN7dxHSLE0asOEIc1Q5Mcxy.jpg,<em>True</em> <em>Grit</em>,24.624828,2010,180,v4-api-prod.what-song.com,3.708219289779663,1
/Movies/Soundtrack/[movie_id]/[slug],"{'movie_id': '686', 'slug': 'The-Sorcerers-Apprentice'}",movie,The Sorcerer's Apprentice,2010,The-Sorcerers-Apprentice,686,/kffWPQfYLkjsoYEBlFpzqVoTfCV.jpg,<em>The</em> <em>Sorcerer's</em> <em>Apprentice</em>,25.297842,2010,180,v4-api-prod.what-song.com,2.881697654724121,1
/Movies/Soundtrack/[movie_id]/[slug],"{'movie_id': '103692', 'slug': 'Yogi-Bear'}",movie,Yogi Bear,2010,Yogi-Bear,103692,/hDd4Yf9jkysYMuXeVjFXKmrthjl.jpg,<em>Yogi</em> <em>Bear</em>,24.204502,2010,180,v4-api-prod.what-song.com,2.6082160472869873,1
/Movies/Soundtrack/[movie_id]/[slug],"{'movie_id': '708', 'slug': 'Due-Date'}",movie,Due Date,2010,Due-Date,708,/A0AoOIMjpx6UphAbMZXN02De6ZE.jpg,<em>Due</em> <em>Date</em>,20.944227,2010,180,v4-api-prod.what-song.com,2.8939871788024902,1
/Movies/Soundtrack/[movie_id]/[slug],"{'movie_id': '563', 'slug': 'Valentines-Day'}",movie,Valentine's Day,2010,Valentines-Day,563,/qOTcfD2DdnOTmhH0r1TOE09VvNh.jpg,<em>Valentine's</em> <em>Day</em>,21.416653,2010,180,v4-api-prod.what-song.com,3.768919944763183,1
/Movies/Soundtrack/[movie_id]/[slug],"{'movie_id': '701', 'slug': 'The-Social-Network'}",movie,The Social Network,2010,The-Social-Network,701,/n0ybibhJtQ5icDqTp8eRytcIHJx.jpg,<em>The</em> <em>Social</em> <em>Network</em>,23.495892,2010,180,v4-api-prod.what-song.com,3.210099220275879,1
/Movies/Soundtrack/[movie_id]/[slug],"{'movie_id': '703', 'slug': 'Eat-Pray-Love'}",movie,Eat Pray Love,2010,Eat-Pray-Love,703,/9Hgiv1UEIjc8VwtOmFBCFzMs0er.jpg,<em>Eat</em> <em>Pray</em> <em>Love</em>,23.64519,2010,180,v4-api-prod.what-song.com,2.868004083633423,1
/Movies/Soundtrack/[movie_id]/[slug],"{'movie_id': '699', 'slug': 'Red'}",movie,RED,2010,Red,699,/jKntKE55uQTk38NwvkOMbxclBUT.jpg,<em>Red</em>,10.899056,2010,180,v4-api-prod.what-song.com,2.364713191986084,1
/Movies/Soundtrack/[movie_id]/[slug],"{'movie_id': '654', 'slug': 'The-A-Team'}",movie,The A-Team,2010,The-A-Team,654,/bkAWEx5g5tvRPjtDQyvIZ7LRxQm.jpg,<em>The</em> <em>A</em>-<em>Team</em>,16.448997,2010,180,v4-api-prod.what-song.com,2.590832948684692,1
